-- MySQL dump 10.13  Distrib 5.5.31, for debian-linux-gnu (i686)
--
-- Host: localhost    Database: cards
-- ------------------------------------------------------
-- Server version	5.5.31-0ubuntu0.12.10.1

/*!40101 SET @OLD_CHARACTER_SET_CLIENT=@@CHARACTER_SET_CLIENT */;
/*!40101 SET @OLD_CHARACTER_SET_RESULTS=@@CHARACTER_SET_RESULTS */;
/*!40101 SET @OLD_COLLATION_CONNECTION=@@COLLATION_CONNECTION */;
/*!40101 SET NAMES utf8 */;
/*!40103 SET @OLD_TIME_ZONE=@@TIME_ZONE */;
/*!40103 SET TIME_ZONE='+00:00' */;
/*!40014 SET @OLD_UNIQUE_CHECKS=@@UNIQUE_CHECKS, UNIQUE_CHECKS=0 */;
/*!40014 SET @OLD_FOREIGN_KEY_CHECKS=@@FOREIGN_KEY_CHECKS, FOREIGN_KEY_CHECKS=0 */;
/*!40101 SET @OLD_SQL_MODE=@@SQL_MODE, SQL_MODE='NO_AUTO_VALUE_ON_ZERO' */;
/*!40111 SET @OLD_SQL_NOTES=@@SQL_NOTES, SQL_NOTES=0 */;

--
-- Table structure for table `card`
--

DROP TABLE IF EXISTS `card`;
/*!40101 SET @saved_cs_client     = @@character_set_client */;
/*!40101 SET character_set_client = utf8 */;
CREATE TABLE `card` (
  `id` bigint(20) NOT NULL AUTO_INCREMENT,
  `type` char(1) NOT NULL,
  `card_set` int(11) NOT NULL,
  `attack` int(11) DEFAULT NULL,
  `defense` int(11) DEFAULT NULL,
  `time` int(11) DEFAULT NULL,
  `name` varchar(255) DEFAULT NULL,
  `is_hero` tinyint(1) DEFAULT NULL,
  `units` int(11) DEFAULT NULL,
  `equipment` int(11) DEFAULT NULL,
  `tactics` int(11) DEFAULT NULL,
  `barrage` tinyint(1) DEFAULT NULL,
  `protect_infantry` int(11) DEFAULT NULL,
  `emp` int(11) DEFAULT NULL,
  `orbital_strike` int(11) DEFAULT NULL,
  `bomb` int(11) DEFAULT NULL,
  `return_fire` int(11) DEFAULT NULL,
  `armor` int(11) DEFAULT NULL,
  `medic` int(11) DEFAULT NULL,
  `repair` int(11) DEFAULT NULL,
  `command_infantry` int(11) DEFAULT NULL,
  `laser` tinyint(1) DEFAULT NULL,
  `missile` tinyint(1) DEFAULT NULL,
  `shell` tinyint(1) DEFAULT NULL,
  PRIMARY KEY (`id`)
) ENGINE=InnoDB AUTO_INCREMENT=74 DEFAULT CHARSET=latin1;
/*!40101 SET character_set_client = @saved_cs_client */;

--
-- Dumping data for table `card`
--

LOCK TABLES `card` WRITE;
/*!40000 ALTER TABLE `card` DISABLE KEYS */;
INSERT INTO `card` VALUES (1,'A',1,10,40,8,'A762 Mechanized Artillery',0,NULL,NULL,NULL,1,NULL,NULL,NULL,NULL,NULL,NULL,NULL,NULL,NULL,NULL,NULL,NULL),(2,'A',1,10,40,6,'A762 Mechanized Artillery',0,NULL,NULL,NULL,1,NULL,NULL,NULL,NULL,NULL,NULL,NULL,NULL,NULL,NULL,NULL,NULL),(3,'I',1,15,35,6,'Advance Scouts',0,NULL,NULL,NULL,NULL,5,NULL,NULL,NULL,NULL,NULL,NULL,NULL,NULL,NULL,NULL,NULL),(4,'I',1,15,35,4,'Advance Scouts',0,NULL,NULL,NULL,NULL,5,NULL,NULL,NULL,NULL,NULL,NULL,NULL,NULL,NULL,NULL,NULL),(5,'I',1,15,40,8,'Ash Troopers',0,NULL,NULL,NULL,NULL,NULL,50,NULL,NULL,NULL,NULL,NULL,NULL,NULL,NULL,NULL,NULL),(6,'I',1,15,40,6,'Ash Troopers',0,NULL,NULL,NULL,NULL,NULL,50,NULL,NULL,NULL,NULL,NULL,NULL,NULL,NULL,NULL,NULL),(7,'I',1,0,70,8,'Boris \"The Mad\"',1,6,0,0,NULL,NULL,NULL,20,NULL,NULL,NULL,NULL,NULL,NULL,NULL,NULL,NULL),(8,'I',1,0,70,6,'Boris \"The Mad\"',1,6,0,0,NULL,NULL,NULL,20,NULL,NULL,NULL,NULL,NULL,NULL,NULL,NULL,NULL),(9,'R',1,0,60,8,'Captain Yakavenko',1,6,0,0,NULL,NULL,NULL,NULL,10,NULL,NULL,NULL,NULL,NULL,NULL,NULL,NULL),(10,'R',1,0,60,6,'Captain Yakavenko',1,6,0,0,NULL,NULL,NULL,NULL,10,NULL,NULL,NULL,NULL,NULL,NULL,NULL,NULL),(11,'A',1,10,45,6,'Chekov Scout Car',0,NULL,NULL,NULL,NULL,NULL,NULL,NULL,NULL,5,NULL,NULL,NULL,NULL,NULL,NULL,NULL),(12,'A',1,10,45,6,'City Defense Armored Car',0,NULL,NULL,NULL,NULL,NULL,NULL,NULL,NULL,NULL,5,NULL,NULL,NULL,NULL,NULL,NULL),(13,'A',1,10,45,4,'City Defense Armored Car',0,NULL,NULL,NULL,NULL,NULL,NULL,NULL,NULL,NULL,5,NULL,NULL,NULL,NULL,NULL,NULL),(14,'I',1,15,70,8,'Doctor Vlad',1,6,0,0,NULL,NULL,NULL,NULL,NULL,NULL,NULL,10,10,NULL,NULL,NULL,NULL),(15,'I',1,15,70,6,'Doctor Vlad',1,6,0,0,NULL,NULL,NULL,NULL,NULL,NULL,NULL,10,10,NULL,NULL,NULL,NULL),(16,'I',1,20,40,6,'Elite Brigade',0,NULL,NULL,NULL,NULL,NULL,NULL,NULL,NULL,NULL,NULL,NULL,NULL,NULL,NULL,NULL,NULL),(17,'I',1,20,40,4,'Elite Brigade',0,NULL,NULL,NULL,NULL,NULL,NULL,NULL,NULL,NULL,NULL,NULL,NULL,NULL,NULL,NULL,NULL),(18,'I',1,15,30,4,'Entrenched Brigade',0,NULL,NULL,NULL,NULL,NULL,NULL,NULL,NULL,10,NULL,NULL,NULL,NULL,NULL,NULL,NULL),(19,'I',1,15,30,2,'Entrenched Brigade',0,NULL,NULL,NULL,NULL,NULL,NULL,NULL,NULL,10,NULL,NULL,NULL,NULL,NULL,NULL,NULL),(20,'I',1,15,70,8,'General Danova',1,6,0,0,NULL,NULL,NULL,NULL,NULL,NULL,NULL,NULL,NULL,10,NULL,NULL,NULL),(21,'I',1,15,70,6,'General Danova',1,6,0,0,NULL,NULL,NULL,NULL,NULL,NULL,NULL,NULL,NULL,10,NULL,NULL,NULL),(22,'I',1,15,50,8,'Heavy Troops',0,NULL,NULL,NULL,NULL,NULL,NULL,NULL,NULL,NULL,NULL,NULL,NULL,NULL,NULL,NULL,NULL),(23,'I',1,15,50,6,'Heavy Troops',0,NULL,NULL,NULL,NULL,NULL,NULL,NULL,NULL,NULL,NULL,NULL,NULL,NULL,NULL,NULL,NULL),(24,'A',1,10,40,4,'Improvised Transport',0,NULL,NULL,NULL,NULL,NULL,NULL,NULL,NULL,NULL,NULL,NULL,NULL,NULL,NULL,NULL,NULL),(25,'R',1,15,70,8,'Kmdr. Kalishnikov',1,6,0,0,1,NULL,NULL,NULL,NULL,NULL,NULL,NULL,NULL,NULL,NULL,NULL,NULL),(26,'R',1,15,70,6,'Kmdr. Kalishnikov',1,6,0,0,1,NULL,NULL,NULL,NULL,NULL,NULL,NULL,NULL,NULL,NULL,NULL,NULL),(27,'I',1,30,15,4,'Kommando Squad',0,NULL,NULL,NULL,NULL,NULL,NULL,NULL,NULL,NULL,NULL,NULL,NULL,NULL,NULL,NULL,NULL),(28,'I',1,30,15,2,'Kommando Squad',0,NULL,NULL,NULL,NULL,NULL,NULL,NULL,NULL,NULL,NULL,NULL,NULL,NULL,NULL,NULL,NULL),(29,'A',1,15,50,8,'Komrade Petrovo',1,6,0,0,NULL,NULL,NULL,NULL,NULL,NULL,5,NULL,NULL,NULL,1,NULL,NULL),(30,'A',1,15,50,6,'Komrade Petrovo',1,6,0,0,NULL,NULL,NULL,NULL,NULL,NULL,5,NULL,NULL,NULL,1,NULL,NULL),(31,'I',1,10,20,2,'Konscript Company',0,NULL,NULL,NULL,NULL,NULL,NULL,NULL,NULL,NULL,NULL,NULL,NULL,NULL,NULL,NULL,NULL),(32,'S',1,0,80,14,'Maintenance Yard',0,NULL,NULL,NULL,NULL,NULL,NULL,NULL,NULL,NULL,NULL,NULL,25,NULL,NULL,NULL,NULL),(33,'S',1,0,80,12,'Maintenance Yard',0,NULL,NULL,NULL,NULL,NULL,NULL,NULL,NULL,NULL,NULL,NULL,25,NULL,NULL,NULL,NULL),(34,'I',1,5,35,4,'Medical Pharmacer',0,NULL,NULL,NULL,NULL,NULL,NULL,NULL,NULL,NULL,NULL,15,NULL,NULL,NULL,NULL,NULL),(35,'I',1,5,35,2,'Medical Pharmacer',0,NULL,NULL,NULL,NULL,NULL,NULL,NULL,NULL,NULL,NULL,15,NULL,NULL,NULL,NULL,NULL),(36,'S',1,25,60,12,'Medusa (Sam) Battery',0,NULL,NULL,NULL,NULL,NULL,NULL,NULL,NULL,NULL,NULL,NULL,NULL,NULL,NULL,1,NULL),(37,'S',1,25,60,10,'Medusa (Sam) Battery',0,NULL,NULL,NULL,NULL,NULL,NULL,NULL,NULL,NULL,NULL,NULL,NULL,NULL,NULL,1,NULL),(38,'S',1,0,80,14,'Medwar Apothecary',0,NULL,NULL,NULL,NULL,NULL,NULL,NULL,NULL,NULL,NULL,30,NULL,NULL,NULL,NULL,NULL),(39,'S',1,0,80,12,'Medwar Apothecary',0,NULL,NULL,NULL,NULL,NULL,NULL,NULL,NULL,NULL,NULL,30,NULL,NULL,NULL,NULL,NULL),(40,'S',1,20,60,12,'MG Turret Bunker',0,NULL,NULL,NULL,NULL,NULL,NULL,NULL,NULL,NULL,5,NULL,NULL,NULL,NULL,NULL,NULL),(41,'S',1,20,60,10,'MG Turret Bunker',0,NULL,NULL,NULL,NULL,NULL,NULL,NULL,NULL,NULL,5,NULL,NULL,NULL,NULL,NULL,NULL),(42,'A',1,10,50,8,'Minsk Repair Vehicle',0,NULL,NULL,NULL,NULL,NULL,NULL,NULL,NULL,NULL,NULL,NULL,10,NULL,NULL,NULL,NULL),(43,'A',1,10,50,6,'Minsk Repair Vehicle',0,NULL,NULL,NULL,NULL,NULL,NULL,NULL,NULL,NULL,NULL,NULL,10,NULL,NULL,NULL,NULL),(44,'S',1,15,50,12,'Mortar Emplacement',0,NULL,NULL,NULL,1,NULL,NULL,NULL,NULL,NULL,NULL,NULL,NULL,NULL,NULL,NULL,NULL),(45,'S',1,15,50,10,'Mortar Emplacement',0,NULL,NULL,NULL,1,NULL,NULL,NULL,NULL,NULL,NULL,NULL,NULL,NULL,NULL,NULL,NULL),(46,'A',1,15,70,8,'Natasha',1,6,0,0,NULL,NULL,75,NULL,NULL,NULL,NULL,NULL,NULL,NULL,NULL,NULL,NULL),(47,'A',1,15,70,6,'Natasha',1,6,0,0,NULL,NULL,75,NULL,NULL,NULL,NULL,NULL,NULL,NULL,NULL,NULL,NULL),(48,'S',1,0,50,8,'Observation Post',0,NULL,NULL,NULL,NULL,NULL,NULL,NULL,NULL,NULL,NULL,NULL,NULL,5,NULL,NULL,NULL),(49,'S',1,0,50,6,'Observation Post',0,NULL,NULL,NULL,NULL,NULL,NULL,NULL,NULL,NULL,NULL,NULL,NULL,5,NULL,NULL,NULL),(50,'S',1,0,70,10,'Project Starworm',0,NULL,NULL,NULL,NULL,NULL,NULL,20,NULL,NULL,NULL,NULL,NULL,NULL,NULL,NULL,NULL),(51,'S',1,0,70,8,'Project Starworm',0,NULL,NULL,NULL,NULL,NULL,NULL,20,NULL,NULL,NULL,NULL,NULL,NULL,NULL,NULL,NULL),(52,'R',1,15,40,8,'Recon Combat Drone',0,NULL,NULL,NULL,NULL,NULL,NULL,NULL,NULL,NULL,NULL,NULL,NULL,NULL,1,NULL,NULL),(53,'R',1,15,40,6,'Recon Combat Drone',0,NULL,NULL,NULL,NULL,NULL,NULL,NULL,NULL,NULL,NULL,NULL,NULL,NULL,1,NULL,NULL),(54,'I',1,15,40,6,'Red Army Regulars',0,NULL,NULL,NULL,NULL,NULL,NULL,NULL,NULL,NULL,NULL,NULL,NULL,NULL,NULL,NULL,NULL),(55,'I',1,15,40,4,'Red Army Regulars',0,NULL,NULL,NULL,NULL,NULL,NULL,NULL,NULL,NULL,NULL,NULL,NULL,NULL,NULL,NULL,NULL),(56,'I',1,10,30,4,'Red Brigade',0,NULL,NULL,NULL,NULL,NULL,NULL,NULL,NULL,5,NULL,NULL,NULL,NULL,NULL,NULL,NULL),(57,'R',1,0,50,10,'Sabrecat Bomber',0,NULL,NULL,NULL,NULL,NULL,NULL,NULL,10,NULL,NULL,NULL,NULL,NULL,NULL,NULL,NULL),(58,'R',1,0,50,8,'Sabrecat Bomber',0,NULL,NULL,NULL,NULL,NULL,NULL,NULL,10,NULL,NULL,NULL,NULL,NULL,NULL,NULL,NULL),(59,'R',1,15,40,8,'Shrike Skycutter',0,NULL,NULL,NULL,NULL,NULL,NULL,NULL,NULL,NULL,NULL,NULL,NULL,NULL,NULL,1,NULL),(60,'R',1,15,40,8,'Spectre AP Fighter',0,NULL,NULL,NULL,NULL,NULL,NULL,NULL,NULL,NULL,NULL,NULL,NULL,NULL,NULL,NULL,1),(61,'A',1,20,50,10,'T92 Main Battle Tank',0,NULL,NULL,NULL,NULL,NULL,NULL,NULL,NULL,NULL,5,NULL,NULL,NULL,NULL,NULL,1),(62,'A',1,20,50,8,'T92 Main Battle Tank',0,NULL,NULL,NULL,NULL,NULL,NULL,NULL,NULL,NULL,5,NULL,NULL,NULL,NULL,NULL,1),(63,'I',1,15,35,6,'The Peoples\' Milita',0,NULL,NULL,NULL,NULL,NULL,NULL,NULL,NULL,NULL,NULL,NULL,NULL,NULL,1,NULL,NULL),(64,'I',1,15,35,4,'The Peoples\' Milita',0,NULL,NULL,NULL,NULL,NULL,NULL,NULL,NULL,NULL,NULL,NULL,NULL,NULL,1,NULL,NULL),(65,'S',1,0,70,10,'Trenchworks',0,NULL,NULL,NULL,NULL,10,NULL,NULL,NULL,NULL,NULL,NULL,NULL,NULL,NULL,NULL,NULL),(66,'A',1,25,40,8,'Vangard Hover Tank',0,NULL,NULL,NULL,NULL,NULL,NULL,NULL,NULL,NULL,NULL,NULL,NULL,NULL,NULL,NULL,1),(67,'A',1,25,40,6,'Vangard Hover Tank',0,NULL,NULL,NULL,NULL,NULL,NULL,NULL,NULL,NULL,NULL,NULL,NULL,NULL,NULL,NULL,1),(68,'R',1,25,50,10,'Voodoo Tacfighter',0,NULL,NULL,NULL,NULL,NULL,NULL,NULL,NULL,NULL,NULL,NULL,NULL,NULL,NULL,1,NULL),(69,'R',1,25,50,8,'Voodoo Tacfighter',0,NULL,NULL,NULL,NULL,NULL,NULL,NULL,NULL,NULL,NULL,NULL,NULL,NULL,NULL,1,NULL),(70,'R',1,15,50,10,'Widowmaker Strikeship',0,NULL,NULL,NULL,NULL,NULL,NULL,NULL,NULL,NULL,5,NULL,NULL,NULL,1,NULL,NULL),(71,'R',1,15,50,8,'Widowmaker Strikeship',0,NULL,NULL,NULL,NULL,NULL,NULL,NULL,NULL,NULL,5,NULL,NULL,NULL,1,NULL,NULL),(72,'R',1,15,50,10,'Wraith Guncutter',0,NULL,NULL,NULL,NULL,NULL,NULL,NULL,NULL,NULL,5,NULL,NULL,NULL,NULL,NULL,1),(73,'R',1,15,50,8,'Wraith Guncutter',0,NULL,NULL,NULL,NULL,NULL,NULL,NULL,NULL,NULL,5,NULL,NULL,NULL,NULL,NULL,1);
/*!40000 ALTER TABLE `card` ENABLE KEYS */;
UNLOCK TABLES;

--
-- Table structure for table `squad`
--

DROP TABLE IF EXISTS `squad`;
/*!40101 SET @saved_cs_client     = @@character_set_client */;
/*!40101 SET character_set_client = utf8 */;
CREATE TABLE `squad` (
  `id` bigint(20) NOT NULL AUTO_INCREMENT,
  `name` varchar(255) NOT NULL,
  `user_id` bigint(20) NOT NULL,
  `created` timestamp NOT NULL DEFAULT CURRENT_TIMESTAMP,
  PRIMARY KEY (`id`),
  KEY `user_id` (`user_id`),
  CONSTRAINT `squad_ibfk_1` FOREIGN KEY (`user_id`) REFERENCES `user` (`id`)
) ENGINE=InnoDB AUTO_INCREMENT=3 DEFAULT CHARSET=latin1;
/*!40101 SET character_set_client = @saved_cs_client */;

--
-- Dumping data for table `squad`
--

LOCK TABLES `squad` WRITE;
/*!40000 ALTER TABLE `squad` DISABLE KEYS */;
INSERT INTO `squad` VALUES (1,'Alex Squad',1,'2013-06-16 16:23:48'),(2,'Sergey Squad',2,'2013-06-16 16:23:48');
/*!40000 ALTER TABLE `squad` ENABLE KEYS */;
UNLOCK TABLES;

--
-- Table structure for table `squad_member`
--

DROP TABLE IF EXISTS `squad_member`;
/*!40101 SET @saved_cs_client     = @@character_set_client */;
/*!40101 SET character_set_client = utf8 */;
CREATE TABLE `squad_member` (
  `id` bigint(20) NOT NULL AUTO_INCREMENT,
  `card_id` bigint(20) NOT NULL DEFAULT '0',
  `squad_id` bigint(20) NOT NULL DEFAULT '0',
  PRIMARY KEY (`id`),
  UNIQUE KEY `card_id` (`card_id`,`squad_id`),
  KEY `squad_id` (`squad_id`),
  CONSTRAINT `squad_member_ibfk_1` FOREIGN KEY (`card_id`) REFERENCES `card` (`id`),
  CONSTRAINT `squad_member_ibfk_2` FOREIGN KEY (`squad_id`) REFERENCES `squad` (`id`)
) ENGINE=InnoDB AUTO_INCREMENT=15 DEFAULT CHARSET=latin1;
/*!40101 SET character_set_client = @saved_cs_client */;

--
-- Dumping data for table `squad_member`
--

LOCK TABLES `squad_member` WRITE;
/*!40000 ALTER TABLE `squad_member` DISABLE KEYS */;
INSERT INTO `squad_member` VALUES (2,2,1),(3,4,1),(4,6,1),(1,8,1),(6,11,1),(5,13,1),(7,17,1),(8,19,2),(9,21,2),(10,23,2),(11,28,2),(12,33,2),(13,35,2),(14,37,2);
/*!40000 ALTER TABLE `squad_member` ENABLE KEYS */;
UNLOCK TABLES;

--
-- Table structure for table `user`
--

DROP TABLE IF EXISTS `user`;
/*!40101 SET @saved_cs_client     = @@character_set_client */;
/*!40101 SET character_set_client = utf8 */;
CREATE TABLE `user` (
  `id` bigint(20) NOT NULL AUTO_INCREMENT,
  `username` varchar(255) NOT NULL,
  `password` varchar(255) NOT NULL,
  `name` varchar(255) NOT NULL,
  PRIMARY KEY (`id`),
  UNIQUE KEY `username` (`username`)
) ENGINE=InnoDB AUTO_INCREMENT=3 DEFAULT CHARSET=latin1;
/*!40101 SET character_set_client = @saved_cs_client */;

--
-- Dumping data for table `user`
--

LOCK TABLES `user` WRITE;
/*!40000 ALTER TABLE `user` DISABLE KEYS */;
INSERT INTO `user` VALUES (1,'alex','202cb962ac59075b964b07152d234b70','Alex'),(2,'serge','202cb962ac59075b964b07152d234b70','Sergey');
/*!40000 ALTER TABLE `user` ENABLE KEYS */;
UNLOCK TABLES;
/*!40103 SET TIME_ZONE=@OLD_TIME_ZONE */;

/*!40101 SET SQL_MODE=@OLD_SQL_MODE */;
/*!40014 SET FOREIGN_KEY_CHECKS=@OLD_FOREIGN_KEY_CHECKS */;
/*!40014 SET UNIQUE_CHECKS=@OLD_UNIQUE_CHECKS */;
/*!40101 SET CHARACTER_SET_CLIENT=@OLD_CHARACTER_SET_CLIENT */;
/*!40101 SET CHARACTER_SET_RESULTS=@OLD_CHARACTER_SET_RESULTS */;
/*!40101 SET COLLATION_CONNECTION=@OLD_COLLATION_CONNECTION */;
/*!40111 SET SQL_NOTES=@OLD_SQL_NOTES */;

-- Dump completed on 2013-06-18  6:01:00
